"   Sample Date,       CO2                                                                  "
"   1.00, 275.92"
"   2.00, 275.98"
"   3.00, 276.03"
"   4.00, 276.10"
"   5.00, 276.16"
"   6.00, 276.23"
"   7.00, 276.30"
"   8.00, 276.37"
"   9.00, 276.45"
"  10.00, 276.53"
"  11.00, 276.60"
"  12.00, 276.68"
"  13.00, 276.76"
"  14.00, 276.84"
"  15.00, 276.92"
"  16.00, 277.00"
"  17.00, 277.08"
"  18.00, 277.16"
"  19.00, 277.23"
"  20.00, 277.30"
"  21.00, 277.37"
"  22.01, 277.44"
"  23.01, 277.50"
"  24.01, 277.56"
"  25.01, 277.62"
"  26.01, 277.67"
"  27.01, 277.72"
"  28.01, 277.76"
"  29.01, 277.80"
"  30.01, 277.83"
"  31.01, 277.85"
"  32.01, 277.87"
"  33.01, 277.88"
"  34.01, 277.89"
"  35.01, 277.90"
"  36.01, 277.90"
"  37.01, 277.89"
"  38.01, 277.88"
"  39.01, 277.87"
"  40.01, 277.85"
"  41.01, 277.84"
"  42.01, 277.82"
"  43.01, 277.79"
"  44.01, 277.77"
"  45.01, 277.74"
"  46.01, 277.71"
"  47.01, 277.68"
"  48.01, 277.65"
"  49.01, 277.62"
"  50.01, 277.59"
"  51.01, 277.56"
"  52.01, 277.53"
"  53.01, 277.50"
"  54.01, 277.47"
"  55.01, 277.44"
"  56.01, 277.41"
"  57.01, 277.39"
"  58.01, 277.37"
"  59.01, 277.34"
"  60.01, 277.33"
"  61.01, 277.31"
"  62.02, 277.29"
"  63.02, 277.28"
"  64.02, 277.26"
"  65.02, 277.25"
"  66.02, 277.24"
"  67.02, 277.23"
"  68.02, 277.23"
"  69.02, 277.22"
"  70.02, 277.22"
"  71.02, 277.21"
"  72.02, 277.21"
"  73.02, 277.21"
"  74.02, 277.21"
"  75.02, 277.21"
"  76.02, 277.21"
"  77.02, 277.22"
"  78.02, 277.22"
"  79.02, 277.23"
"  80.02, 277.23"
"  81.02, 277.24"
"  82.02, 277.24"
"  83.02, 277.25"
"  84.02, 277.26"
"  85.02, 277.27"
"  86.02, 277.28"
"  87.02, 277.29"
"  88.02, 277.30"
"  89.02, 277.31"
"  90.02, 277.32"
"  91.02, 277.33"
"  92.02, 277.34"
"  93.02, 277.36"
"  94.02, 277.37"
"  95.02, 277.38"
"  96.02, 277.39"
"  97.02, 277.41"
"  98.02, 277.42"
"  99.02, 277.43"
" 100.02, 277.44"
" 101.02, 277.46"
" 102.03, 277.47"
" 103.03, 277.48"
" 104.03, 277.49"
" 105.03, 277.50"
" 106.03, 277.51"
" 107.03, 277.52"
" 108.03, 277.54"
" 109.03, 277.55"
" 110.03, 277.56"
" 111.03, 277.57"
" 112.03, 277.58"
" 113.03, 277.59"
" 114.03, 277.60"
" 115.03, 277.61"
" 116.03, 277.63"
" 117.03, 277.64"
" 118.03, 277.66"
" 119.03, 277.67"
" 120.03, 277.69"
" 121.03, 277.70"
" 122.03, 277.72"
" 123.03, 277.74"
" 124.03, 277.76"
" 125.03, 277.79"
" 126.03, 277.81"
" 127.03, 277.84"
" 128.03, 277.87"
" 129.03, 277.89"
" 130.03, 277.93"
" 131.03, 277.96"
" 132.03, 277.99"
" 133.03, 278.03"
" 134.03, 278.07"
" 135.03, 278.11"
" 136.03, 278.16"
" 137.03, 278.20"
" 138.03, 278.25"
" 139.03, 278.30"
" 140.03, 278.36"
" 141.03, 278.41"
" 142.03, 278.47"
" 143.04, 278.53"
" 144.04, 278.59"
" 145.04, 278.65"
" 146.04, 278.71"
" 147.04, 278.78"
" 148.04, 278.84"
" 149.04, 278.90"
" 150.04, 278.97"
" 151.04, 279.03"
" 152.04, 279.10"
" 153.04, 279.16"
" 154.04, 279.23"
" 155.04, 279.29"
" 156.04, 279.36"
" 157.04, 279.42"
" 158.04, 279.48"
" 159.04, 279.54"
" 160.04, 279.60"
" 161.04, 279.66"
" 162.04, 279.72"
" 163.04, 279.77"
" 164.04, 279.82"
" 165.04, 279.87"
" 166.04, 279.92"
" 167.04, 279.97"
" 168.04, 280.01"
" 169.04, 280.05"
" 170.04, 280.09"
" 171.04, 280.13"
" 172.04, 280.16"
" 173.04, 280.20"
" 174.04, 280.22"
" 175.04, 280.25"
" 176.04, 280.28"
" 177.04, 280.30"
" 178.04, 280.32"
" 179.04, 280.35"
" 180.04, 280.37"
" 181.04, 280.38"
" 182.04, 280.40"
" 183.05, 280.42"
" 184.05, 280.43"
" 185.05, 280.45"
" 186.05, 280.46"
" 187.05, 280.48"
" 188.05, 280.49"
" 189.05, 280.51"
" 190.05, 280.52"
" 191.05, 280.54"
" 192.05, 280.55"
" 193.05, 280.57"
" 194.05, 280.58"
" 195.05, 280.60"
" 196.05, 280.61"
" 197.05, 280.63"
" 198.05, 280.65"
" 199.05, 280.67"
" 200.05, 280.69"
" 201.05, 280.72"
" 202.05, 280.74"
" 203.05, 280.77"
" 204.05, 280.80"
" 205.05, 280.83"
" 206.05, 280.86"
" 207.05, 280.89"
" 208.05, 280.92"
" 209.05, 280.96"
" 210.05, 280.99"
" 211.05, 281.02"
" 212.05, 281.06"
" 213.05, 281.09"
" 214.05, 281.13"
" 215.05, 281.16"
" 216.05, 281.19"
" 217.05, 281.23"
" 218.05, 281.26"
" 219.05, 281.29"
" 220.05, 281.31"
" 221.05, 281.34"
" 222.05, 281.37"
" 223.05, 281.39"
" 224.06, 281.41"
" 225.06, 281.42"
" 226.06, 281.44"
" 227.06, 281.45"
" 228.06, 281.46"
" 229.06, 281.47"
" 230.06, 281.47"
" 231.06, 281.47"
" 232.06, 281.46"
" 233.06, 281.46"
" 234.06, 281.45"
" 235.06, 281.44"
" 236.06, 281.42"
" 237.06, 281.40"
" 238.06, 281.39"
" 239.06, 281.36"
" 240.06, 281.34"
" 241.06, 281.32"
" 242.06, 281.29"
" 243.06, 281.26"
" 244.06, 281.23"
" 245.06, 281.20"
" 246.06, 281.17"
" 247.06, 281.13"
" 248.06, 281.10"
" 249.06, 281.06"
" 250.06, 281.02"
" 251.06, 280.98"
" 252.06, 280.95"
" 253.06, 280.91"
" 254.06, 280.87"
" 255.06, 280.83"
" 256.06, 280.79"
" 257.06, 280.75"
" 258.06, 280.71"
" 259.06, 280.67"
" 260.06, 280.63"
" 261.06, 280.59"
" 262.06, 280.55"
" 263.06, 280.51"
" 264.07, 280.47"
" 265.07, 280.43"
" 266.07, 280.40"
" 267.07, 280.36"
" 268.07, 280.33"
" 269.07, 280.30"
" 270.07, 280.26"
" 271.07, 280.23"
" 272.07, 280.21"
" 273.07, 280.18"
" 274.07, 280.16"
" 275.07, 280.13"
" 276.07, 280.11"
" 277.07, 280.09"
" 278.07, 280.07"
" 279.07, 280.06"
" 280.07, 280.04"
" 281.07, 280.03"
" 282.07, 280.02"
" 283.07, 280.01"
" 284.07, 280.00"
" 285.07, 279.99"
" 286.07, 279.98"
" 287.07, 279.97"
" 288.07, 279.96"
" 289.07, 279.95"
" 290.07, 279.94"
" 291.07, 279.94"
" 292.07, 279.93"
" 293.07, 279.92"
" 294.07, 279.91"
" 295.07, 279.90"
" 296.07, 279.89"
" 297.07, 279.88"
" 298.07, 279.87"
" 299.07, 279.86"
" 300.07, 279.85"
" 301.07, 279.84"
" 302.07, 279.82"
" 303.07, 279.81"
" 304.08, 279.79"
" 305.08, 279.77"
" 306.08, 279.75"
" 307.08, 279.73"
" 308.08, 279.70"
" 309.08, 279.68"
" 310.08, 279.65"
" 311.08, 279.63"
" 312.08, 279.60"
" 313.08, 279.57"
" 314.08, 279.54"
" 315.08, 279.50"
" 316.08, 279.47"
" 317.08, 279.44"
" 318.08, 279.40"
" 319.08, 279.36"
" 320.08, 279.32"
" 321.08, 279.28"
" 322.08, 279.24"
" 323.08, 279.20"
" 324.08, 279.16"
" 325.08, 279.11"
" 326.08, 279.07"
" 327.08, 279.02"
" 328.08, 278.97"
" 329.08, 278.92"
" 330.08, 278.87"
" 331.08, 278.82"
" 332.08, 278.77"
" 333.08, 278.71"
" 334.08, 278.66"
" 335.08, 278.60"
" 336.08, 278.55"
" 337.08, 278.49"
" 338.08, 278.43"
" 339.08, 278.38"
" 340.08, 278.32"
" 341.08, 278.26"
" 342.08, 278.20"
" 343.08, 278.15"
" 344.08, 278.09"
" 345.09, 278.03"
" 346.09, 277.97"
" 347.09, 277.92"
" 348.09, 277.86"
" 349.09, 277.80"
" 350.09, 277.75"
" 351.09, 277.69"
" 352.09, 277.64"
" 353.09, 277.59"
" 354.09, 277.53"
" 355.09, 277.48"
" 356.09, 277.43"
" 357.09, 277.38"
" 358.09, 277.34"
" 359.09, 277.29"
" 360.09, 277.25"
" 361.09, 277.20"
" 362.09, 277.16"
" 363.09, 277.12"
" 364.09, 277.08"
" 365.09, 277.05"
" 366.09, 277.01"
" 367.09, 276.98"
" 368.09, 276.95"
" 369.09, 276.92"
" 370.09, 276.90"
" 371.09, 276.87"
" 372.09, 276.85"
" 373.09, 276.83"
" 374.09, 276.80"
" 375.09, 276.79"
" 376.09, 276.77"
" 377.09, 276.75"
" 378.09, 276.74"
" 379.09, 276.73"
" 380.09, 276.72"
" 381.09, 276.71"
" 382.09, 276.70"
" 383.09, 276.69"
" 384.09, 276.68"
" 385.10, 276.68"
" 386.10, 276.67"
" 387.10, 276.67"
" 388.10, 276.67"
" 389.10, 276.67"
" 390.10, 276.67"
" 391.10, 276.67"
" 392.10, 276.67"
" 393.10, 276.67"
" 394.10, 276.67"
" 395.10, 276.68"
" 396.10, 276.68"
" 397.10, 276.68"
" 398.10, 276.69"
" 399.10, 276.70"
" 400.10, 276.70"
" 401.10, 276.71"
" 402.10, 276.72"
" 403.10, 276.72"
" 404.10, 276.73"
" 405.10, 276.74"
" 406.10, 276.75"
" 407.10, 276.76"
" 408.10, 276.77"
" 409.10, 276.77"
" 410.10, 276.78"
" 411.10, 276.79"
" 412.10, 276.80"
" 413.10, 276.81"
" 414.10, 276.82"
" 415.10, 276.83"
" 416.10, 276.83"
" 417.10, 276.84"
" 418.10, 276.85"
" 419.10, 276.86"
" 420.10, 276.86"
" 421.10, 276.87"
" 422.10, 276.88"
" 423.10, 276.88"
" 424.10, 276.89"
" 425.11, 276.89"
" 426.11, 276.90"
" 427.11, 276.90"
" 428.11, 276.90"
" 429.11, 276.90"
" 430.11, 276.90"
" 431.11, 276.91"
" 432.11, 276.90"
" 433.11, 276.90"
" 434.11, 276.90"
" 435.11, 276.90"
" 436.11, 276.90"
" 437.11, 276.89"
" 438.11, 276.89"
" 439.11, 276.88"
" 440.11, 276.88"
" 441.11, 276.87"
" 442.11, 276.87"
" 443.11, 276.86"
" 444.11, 276.86"
" 445.11, 276.85"
" 446.11, 276.84"
" 447.11, 276.84"
" 448.11, 276.83"
" 449.11, 276.82"
" 450.11, 276.81"
" 451.11, 276.80"
" 452.11, 276.80"
" 453.11, 276.79"
" 454.11, 276.78"
" 455.11, 276.77"
" 456.11, 276.76"
" 457.11, 276.76"
" 458.11, 276.75"
" 459.11, 276.74"
" 460.11, 276.73"
" 461.11, 276.73"
" 462.11, 276.72"
" 463.11, 276.71"
" 464.11, 276.71"
" 465.11, 276.70"
" 466.12, 276.69"
" 467.12, 276.69"
" 468.12, 276.68"
" 469.12, 276.67"
" 470.12, 276.67"
" 471.12, 276.66"
" 472.12, 276.65"
" 473.12, 276.65"
" 474.12, 276.64"
" 475.12, 276.64"
" 476.12, 276.63"
" 477.12, 276.62"
" 478.12, 276.61"
" 479.12, 276.61"
" 480.12, 276.60"
" 481.12, 276.59"
" 482.12, 276.58"
" 483.12, 276.57"
" 484.12, 276.56"
" 485.12, 276.55"
" 486.12, 276.54"
" 487.12, 276.53"
" 488.12, 276.52"
" 489.12, 276.51"
" 490.12, 276.50"
" 491.12, 276.49"
" 492.12, 276.47"
" 493.12, 276.46"
" 494.12, 276.44"
" 495.12, 276.43"
" 496.12, 276.41"
" 497.12, 276.39"
" 498.12, 276.38"
" 499.12, 276.36"
" 500.12, 276.34"
" 501.12, 276.32"
" 502.12, 276.30"
" 503.12, 276.28"
" 504.12, 276.25"
" 505.12, 276.23"
" 506.13, 276.21"
" 507.13, 276.19"
" 508.13, 276.16"
" 509.13, 276.14"
" 510.13, 276.12"
" 511.13, 276.10"
" 512.13, 276.08"
" 513.13, 276.05"
" 514.13, 276.03"
" 515.13, 276.02"
" 516.13, 276.00"
" 517.13, 275.98"
" 518.13, 275.96"
" 519.13, 275.95"
" 520.13, 275.94"
" 521.13, 275.92"
" 522.13, 275.91"
" 523.13, 275.91"
" 524.13, 275.90"
" 525.13, 275.90"
" 526.13, 275.89"
" 527.13, 275.89"
" 528.13, 275.90"
" 529.13, 275.90"
" 530.13, 275.91"
" 531.13, 275.92"
" 532.13, 275.94"
" 533.13, 275.95"
" 534.13, 275.97"
" 535.13, 275.99"
" 536.13, 276.02"
" 537.13, 276.05"
" 538.13, 276.08"
" 539.13, 276.12"
" 540.13, 276.16"
" 541.13, 276.20"
" 542.13, 276.25"
" 543.13, 276.29"
" 544.13, 276.34"
" 545.13, 276.39"
" 546.13, 276.44"
" 547.14, 276.50"
" 548.14, 276.55"
" 549.14, 276.61"
" 550.14, 276.66"
" 551.14, 276.72"
" 552.14, 276.77"
" 553.14, 276.83"
" 554.14, 276.88"
" 555.14, 276.94"
" 556.14, 276.99"
" 557.14, 277.04"
" 558.14, 277.09"
" 559.14, 277.14"
" 560.14, 277.19"
" 561.14, 277.23"
" 562.14, 277.27"
" 563.14, 277.31"
" 564.14, 277.35"
" 565.14, 277.38"
" 566.14, 277.41"
" 567.14, 277.43"
" 568.14, 277.46"
" 569.14, 277.47"
" 570.14, 277.49"
" 571.14, 277.49"
" 572.14, 277.50"
" 573.14, 277.49"
" 574.14, 277.49"
" 575.14, 277.48"
" 576.14, 277.46"
" 577.14, 277.44"
" 578.14, 277.42"
" 579.14, 277.40"
" 580.14, 277.37"
" 581.14, 277.34"
" 582.14, 277.31"
" 583.14, 277.28"
" 584.14, 277.25"
" 585.14, 277.21"
" 586.14, 277.18"
" 587.15, 277.15"
" 588.15, 277.12"
" 589.15, 277.09"
" 590.15, 277.06"
" 591.15, 277.03"
" 592.15, 277.01"
" 593.15, 276.99"
" 594.15, 276.97"
" 595.15, 276.96"
" 596.15, 276.95"
" 597.15, 276.94"
" 598.15, 276.94"
" 599.15, 276.95"
" 600.15, 276.95"
" 601.15, 276.96"
" 602.15, 276.98"
" 603.15, 276.99"
" 604.15, 277.01"
" 605.15, 277.03"
" 606.15, 277.06"
" 607.15, 277.09"
" 608.15, 277.12"
" 609.15, 277.15"
" 610.15, 277.19"
" 611.15, 277.23"
" 612.15, 277.27"
" 613.15, 277.31"
" 614.15, 277.35"
" 615.15, 277.40"
" 616.15, 277.44"
" 617.15, 277.49"
" 618.15, 277.54"
" 619.15, 277.59"
" 620.15, 277.64"
" 621.15, 277.69"
" 622.15, 277.74"
" 623.15, 277.79"
" 624.15, 277.84"
" 625.15, 277.89"
" 626.15, 277.94"
" 627.16, 277.99"
" 628.16, 278.05"
" 629.16, 278.10"
" 630.16, 278.14"
" 631.16, 278.19"
" 632.16, 278.24"
" 633.16, 278.29"
" 634.16, 278.33"
" 635.16, 278.38"
" 636.16, 278.42"
" 637.16, 278.46"
" 638.16, 278.50"
" 639.16, 278.54"
" 640.16, 278.58"
" 641.16, 278.62"
" 642.16, 278.66"
" 643.16, 278.69"
" 644.16, 278.73"
" 645.16, 278.76"
" 646.16, 278.80"
" 647.16, 278.83"
" 648.16, 278.86"
" 649.16, 278.89"
" 650.16, 278.93"
" 651.16, 278.96"
" 652.16, 278.99"
" 653.16, 279.02"
" 654.16, 279.04"
" 655.16, 279.07"
" 656.16, 279.10"
" 657.16, 279.13"
" 658.16, 279.15"
" 659.16, 279.18"
" 660.16, 279.21"
" 661.16, 279.23"
" 662.16, 279.26"
" 663.16, 279.28"
" 664.16, 279.31"
" 665.16, 279.33"
" 666.16, 279.36"
" 667.16, 279.38"
" 668.17, 279.41"
" 669.17, 279.43"
" 670.17, 279.45"
" 671.17, 279.48"
" 672.17, 279.50"
" 673.17, 279.52"
" 674.17, 279.55"
" 675.17, 279.57"
" 676.17, 279.59"
" 677.17, 279.61"
" 678.17, 279.63"
" 679.17, 279.65"
" 680.17, 279.66"
" 681.17, 279.68"
" 682.17, 279.69"
" 683.17, 279.71"
" 684.17, 279.72"
" 685.17, 279.73"
" 686.17, 279.74"
" 687.17, 279.74"
" 688.17, 279.75"
" 689.17, 279.75"
" 690.17, 279.75"
" 691.17, 279.75"
" 692.17, 279.75"
" 693.17, 279.74"
" 694.17, 279.73"
" 695.17, 279.72"
" 696.17, 279.71"
" 697.17, 279.70"
" 698.17, 279.68"
" 699.17, 279.66"
" 700.17, 279.64"
" 701.17, 279.61"
" 702.17, 279.58"
" 703.17, 279.55"
" 704.17, 279.52"
" 705.17, 279.49"
" 706.17, 279.45"
" 707.17, 279.42"
" 708.18, 279.38"
" 709.18, 279.34"
" 710.18, 279.30"
" 711.18, 279.26"
" 712.18, 279.21"
" 713.18, 279.17"
" 714.18, 279.13"
" 715.18, 279.09"
" 716.18, 279.04"
" 717.18, 279.00"
" 718.18, 278.96"
" 719.18, 278.92"
" 720.18, 278.88"
" 721.18, 278.84"
" 722.18, 278.80"
" 723.18, 278.76"
" 724.18, 278.72"
" 725.18, 278.69"
" 726.18, 278.66"
" 727.18, 278.62"
" 728.18, 278.60"
" 729.18, 278.57"
" 730.18, 278.54"
" 731.18, 278.52"
" 732.18, 278.50"
" 733.18, 278.48"
" 734.18, 278.47"
" 735.18, 278.45"
" 736.18, 278.44"
" 737.18, 278.43"
" 738.18, 278.42"
" 739.18, 278.41"
" 740.18, 278.41"
" 741.18, 278.41"
" 742.18, 278.40"
" 743.18, 278.40"
" 744.18, 278.40"
" 745.18, 278.40"
" 746.18, 278.41"
" 747.18, 278.41"
" 748.18, 278.41"
" 749.19, 278.42"
" 750.19, 278.42"
" 751.19, 278.43"
" 752.19, 278.43"
" 753.19, 278.44"
" 754.19, 278.45"
" 755.19, 278.46"
" 756.19, 278.46"
" 757.19, 278.47"
" 758.19, 278.48"
" 759.19, 278.48"
" 760.19, 278.49"
" 761.19, 278.50"
" 762.19, 278.50"
" 763.19, 278.51"
" 764.19, 278.51"
" 765.19, 278.52"
" 766.19, 278.52"
" 767.19, 278.53"
" 768.19, 278.53"
" 769.19, 278.53"
" 770.19, 278.53"
" 771.19, 278.53"
" 772.19, 278.53"
" 773.19, 278.53"
" 774.19, 278.53"
" 775.19, 278.53"
" 776.19, 278.53"
" 777.19, 278.53"
" 778.19, 278.53"
" 779.19, 278.53"
" 780.19, 278.53"
" 781.19, 278.52"
" 782.19, 278.52"
" 783.19, 278.52"
" 784.19, 278.52"
" 785.19, 278.52"
" 786.19, 278.52"
" 787.19, 278.52"
" 788.19, 278.52"
" 789.20, 278.52"
" 790.20, 278.52"
" 791.20, 278.52"
" 792.20, 278.52"
" 793.20, 278.53"
" 794.20, 278.53"
" 795.20, 278.53"
" 796.20, 278.54"
" 797.20, 278.54"
" 798.20, 278.55"
" 799.20, 278.56"
" 800.20, 278.57"
" 801.20, 278.58"
" 802.20, 278.59"
" 803.20, 278.60"
" 804.20, 278.61"
" 805.20, 278.62"
" 806.20, 278.63"
" 807.20, 278.65"
" 808.20, 278.66"
" 809.20, 278.68"
" 810.20, 278.69"
" 811.20, 278.71"
" 812.20, 278.72"
" 813.20, 278.74"
" 814.20, 278.76"
" 815.20, 278.77"
" 816.20, 278.79"
" 817.20, 278.81"
" 818.20, 278.83"
" 819.20, 278.85"
" 820.20, 278.87"
" 821.20, 278.88"
" 822.20, 278.90"
" 823.20, 278.92"
" 824.20, 278.94"
" 825.20, 278.96"
" 826.20, 278.98"
" 827.20, 279.00"
" 828.20, 279.02"
" 829.21, 279.04"
" 830.21, 279.05"
" 831.21, 279.07"
" 832.21, 279.09"
" 833.21, 279.11"
" 834.21, 279.12"
" 835.21, 279.14"
" 836.21, 279.16"
" 837.21, 279.17"
" 838.21, 279.19"
" 839.21, 279.20"
" 840.21, 279.22"
" 841.21, 279.23"
" 842.21, 279.24"
" 843.21, 279.26"
" 844.21, 279.27"
" 845.21, 279.28"
" 846.21, 279.29"
" 847.21, 279.30"
" 848.21, 279.30"
" 849.21, 279.31"
" 850.21, 279.32"
" 851.21, 279.32"
" 852.21, 279.33"
" 853.21, 279.33"
" 854.21, 279.33"
" 855.21, 279.33"
" 856.21, 279.33"
" 857.21, 279.33"
" 858.21, 279.33"
" 859.21, 279.32"
" 860.21, 279.32"
" 861.21, 279.31"
" 862.21, 279.30"
" 863.21, 279.29"
" 864.21, 279.29"
" 865.21, 279.27"
" 866.21, 279.26"
" 867.21, 279.25"
" 868.21, 279.24"
" 869.21, 279.23"
" 870.22, 279.21"
" 871.22, 279.20"
" 872.22, 279.19"
" 873.22, 279.17"
" 874.22, 279.16"
" 875.22, 279.14"
" 876.22, 279.13"
" 877.22, 279.11"
" 878.22, 279.10"
" 879.22, 279.08"
" 880.22, 279.07"
" 881.22, 279.06"
" 882.22, 279.04"
" 883.22, 279.03"
" 884.22, 279.02"
" 885.22, 279.00"
" 886.22, 278.99"
" 887.22, 278.98"
" 888.22, 278.97"
" 889.22, 278.96"
" 890.22, 278.95"
" 891.22, 278.95"
" 892.22, 278.94"
" 893.22, 278.93"
" 894.22, 278.93"
" 895.22, 278.93"
" 896.22, 278.93"
" 897.22, 278.92"
" 898.22, 278.93"
" 899.22, 278.93"
" 900.22, 278.93"
" 901.22, 278.94"
" 902.22, 278.94"
" 903.22, 278.95"
" 904.22, 278.96"
" 905.22, 278.97"
" 906.22, 278.98"
" 907.22, 278.99"
" 908.22, 279.00"
" 909.22, 279.01"
" 910.23, 279.02"
" 911.23, 279.03"
" 912.23, 279.04"
" 913.23, 279.06"
" 914.23, 279.07"
" 915.23, 279.08"
" 916.23, 279.10"
" 917.23, 279.11"
" 918.23, 279.12"
" 919.23, 279.13"
" 920.23, 279.14"
" 921.23, 279.16"
" 922.23, 279.17"
" 923.23, 279.18"
" 924.23, 279.18"
" 925.23, 279.19"
" 926.23, 279.20"
" 927.23, 279.21"
" 928.23, 279.21"
" 929.23, 279.22"
" 930.23, 279.22"
" 931.23, 279.22"
" 932.23, 279.22"
" 933.23, 279.22"
" 934.23, 279.22"
" 935.23, 279.21"
" 936.23, 279.20"
" 937.23, 279.20"
" 938.23, 279.19"
" 939.23, 279.17"
" 940.23, 279.16"
" 941.23, 279.14"
" 942.23, 279.12"
" 943.23, 279.10"
" 944.23, 279.08"
" 945.23, 279.05"
" 946.23, 279.02"
" 947.23, 278.99"
" 948.23, 278.96"
" 949.23, 278.93"
" 950.24, 278.90"
" 951.24, 278.86"
" 952.24, 278.83"
" 953.24, 278.79"
" 954.24, 278.76"
" 955.24, 278.73"
" 956.24, 278.69"
" 957.24, 278.66"
" 958.24, 278.63"
" 959.24, 278.61"
" 960.24, 278.58"
" 961.24, 278.56"
" 962.24, 278.54"
" 963.24, 278.53"
" 964.24, 278.52"
" 965.24, 278.51"
" 966.24, 278.51"
" 967.24, 278.51"
" 968.24, 278.52"
" 969.24, 278.53"
" 970.24, 278.55"
" 971.24, 278.57"
" 972.24, 278.60"
" 973.24, 278.63"
" 974.24, 278.67"
" 975.24, 278.71"
" 976.24, 278.75"
" 977.24, 278.80"
" 978.24, 278.85"
" 979.24, 278.90"
" 980.24, 278.96"
" 981.24, 279.01"
" 982.24, 279.07"
" 983.24, 279.14"
" 984.24, 279.20"
" 985.24, 279.26"
" 986.24, 279.33"
" 987.24, 279.40"
" 988.24, 279.46"
" 989.24, 279.53"
" 990.24, 279.60"
" 991.25, 279.67"
" 992.25, 279.73"
" 993.25, 279.80"
" 994.25, 279.87"
" 995.25, 279.93"
" 996.25, 279.99"
" 997.25, 280.05"
" 998.25, 280.11"
" 999.25, 280.17"
"1000.25, 280.22"
"1001.25, 280.27"
"1002.25, 280.32"
"1003.25, 280.37"
"1004.25, 280.41"
"1005.25, 280.45"
"1006.25, 280.48"
"1007.25, 280.51"
"1008.25, 280.54"
"1009.25, 280.56"
"1010.25, 280.58"
"1011.25, 280.60"
"1012.25, 280.62"
"1013.25, 280.64"
"1014.25, 280.66"
"1015.25, 280.67"
"1016.25, 280.69"
"1017.25, 280.71"
"1018.25, 280.72"
"1019.25, 280.74"
"1020.25, 280.76"
"1021.25, 280.78"
"1022.25, 280.80"
"1023.25, 280.83"
"1024.25, 280.86"
"1025.25, 280.89"
"1026.25, 280.93"
"1027.25, 280.97"
"1028.25, 281.01"
"1029.25, 281.06"
"1030.25, 281.10"
"1031.26, 281.15"
"1032.26, 281.21"
"1033.26, 281.26"
"1034.26, 281.32"
"1035.26, 281.38"
"1036.26, 281.44"
"1037.26, 281.50"
"1038.26, 281.57"
"1039.26, 281.63"
"1040.26, 281.70"
"1041.26, 281.76"
"1042.26, 281.83"
"1043.26, 281.89"
"1044.26, 281.96"
"1045.26, 282.02"
"1046.26, 282.09"
"1047.26, 282.15"
"1048.26, 282.21"
"1049.26, 282.28"
"1050.26, 282.34"
"1051.26, 282.39"
"1052.26, 282.45"
"1053.26, 282.51"
"1054.26, 282.56"
"1055.26, 282.61"
"1056.26, 282.65"
"1057.26, 282.70"
"1058.26, 282.74"
"1059.26, 282.78"
"1060.26, 282.81"
"1061.26, 282.84"
"1062.26, 282.87"
"1063.26, 282.90"
"1064.26, 282.92"
"1065.26, 282.94"
"1066.26, 282.96"
"1067.26, 282.97"
"1068.26, 282.98"
"1069.26, 282.99"
"1070.26, 283.00"
"1071.26, 283.01"
"1072.27, 283.01"
"1073.27, 283.01"
"1074.27, 283.02"
"1075.27, 283.01"
"1076.27, 283.01"
"1077.27, 283.01"
"1078.27, 283.00"
"1079.27, 283.00"
"1080.27, 282.99"
"1081.27, 282.98"
"1082.27, 282.97"
"1083.27, 282.96"
"1084.27, 282.95"
"1085.27, 282.94"
"1086.27, 282.93"
"1087.27, 282.92"
"1088.27, 282.91"
"1089.27, 282.89"
"1090.27, 282.88"
"1091.27, 282.87"
"1092.27, 282.86"
"1093.27, 282.85"
"1094.27, 282.83"
"1095.27, 282.82"
"1096.27, 282.81"
"1097.27, 282.80"
"1098.27, 282.79"
"1099.27, 282.79"
"1100.27, 282.78"
"1101.27, 282.77"
"1102.27, 282.77"
"1103.27, 282.77"
"1104.27, 282.77"
"1105.27, 282.77"
"1106.27, 282.77"
"1107.27, 282.77"
"1108.27, 282.78"
"1109.27, 282.78"
"1110.27, 282.79"
"1111.27, 282.80"
"1112.28, 282.81"
"1113.28, 282.82"
"1114.28, 282.83"
"1115.28, 282.85"
"1116.28, 282.86"
"1117.28, 282.88"
"1118.28, 282.90"
"1119.28, 282.92"
"1120.28, 282.94"
"1121.28, 282.96"
"1122.28, 282.98"
"1123.28, 283.00"
"1124.28, 283.02"
"1125.28, 283.05"
"1126.28, 283.07"
"1127.28, 283.09"
"1128.28, 283.12"
"1129.28, 283.14"
"1130.28, 283.17"
"1131.28, 283.20"
"1132.28, 283.22"
"1133.28, 283.25"
"1134.28, 283.28"
"1135.28, 283.31"
"1136.28, 283.33"
"1137.28, 283.36"
"1138.28, 283.39"
"1139.28, 283.41"
"1140.28, 283.44"
"1141.28, 283.47"
"1142.28, 283.50"
"1143.28, 283.52"
"1144.28, 283.55"
"1145.28, 283.57"
"1146.28, 283.60"
"1147.28, 283.62"
"1148.28, 283.65"
"1149.28, 283.67"
"1150.28, 283.70"
"1151.28, 283.72"
"1152.29, 283.74"
"1153.29, 283.76"
"1154.29, 283.78"
"1155.29, 283.80"
"1156.29, 283.82"
"1157.29, 283.84"
"1158.29, 283.85"
"1159.29, 283.87"
"1160.29, 283.88"
"1161.29, 283.89"
"1162.29, 283.91"
"1163.29, 283.92"
"1164.29, 283.93"
"1165.29, 283.93"
"1166.29, 283.94"
"1167.29, 283.95"
"1168.29, 283.95"
"1169.29, 283.96"
"1170.29, 283.96"
"1171.29, 283.96"
"1172.29, 283.96"
"1173.29, 283.97"
"1174.29, 283.97"
"1175.29, 283.96"
"1176.29, 283.96"
"1177.29, 283.96"
"1178.29, 283.96"
"1179.29, 283.95"
"1180.29, 283.95"
"1181.29, 283.94"
"1182.29, 283.93"
"1183.29, 283.93"
"1184.29, 283.92"
"1185.29, 283.91"
"1186.29, 283.90"
"1187.29, 283.89"
"1188.29, 283.88"
"1189.29, 283.87"
"1190.29, 283.86"
"1191.29, 283.85"
"1192.29, 283.83"
"1193.30, 283.82"
"1194.30, 283.81"
"1195.30, 283.79"
"1196.30, 283.78"
"1197.30, 283.77"
"1198.30, 283.75"
"1199.30, 283.74"
"1200.30, 283.72"
"1201.30, 283.71"
"1202.30, 283.69"
"1203.30, 283.67"
"1204.30, 283.66"
"1205.30, 283.64"
"1206.30, 283.62"
"1207.30, 283.61"
"1208.30, 283.59"
"1209.30, 283.57"
"1210.30, 283.56"
"1211.30, 283.54"
"1212.30, 283.52"
"1213.30, 283.50"
"1214.30, 283.48"
"1215.30, 283.47"
"1216.30, 283.45"
"1217.30, 283.43"
"1218.30, 283.41"
"1219.30, 283.39"
"1220.30, 283.37"
"1221.30, 283.35"
"1222.30, 283.33"
"1223.30, 283.30"
"1224.30, 283.28"
"1225.30, 283.26"
"1226.30, 283.24"
"1227.30, 283.21"
"1228.30, 283.19"
"1229.30, 283.16"
"1230.30, 283.14"
"1231.30, 283.11"
"1232.30, 283.08"
"1233.31, 283.05"
"1234.31, 283.02"
"1235.31, 282.99"
"1236.31, 282.96"
"1237.31, 282.93"
"1238.31, 282.90"
"1239.31, 282.87"
"1240.31, 282.83"
"1241.31, 282.80"
"1242.31, 282.76"
"1243.31, 282.72"
"1244.31, 282.69"
"1245.31, 282.65"
"1246.31, 282.61"
"1247.31, 282.57"
"1248.31, 282.52"
"1249.31, 282.48"
"1250.31, 282.44"
"1251.31, 282.39"
"1252.31, 282.34"
"1253.31, 282.29"
"1254.31, 282.24"
"1255.31, 282.19"
"1256.31, 282.14"
"1257.31, 282.09"
"1258.31, 282.03"
"1259.31, 281.98"
"1260.31, 281.92"
"1261.31, 281.86"
"1262.31, 281.80"
"1263.31, 281.75"
"1264.31, 281.69"
"1265.31, 281.63"
"1266.31, 281.58"
"1267.31, 281.53"
"1268.31, 281.48"
"1269.31, 281.43"
"1270.31, 281.38"
"1271.31, 281.34"
"1272.31, 281.30"
"1273.32, 281.26"
"1274.32, 281.23"
"1275.32, 281.20"
"1276.32, 281.18"
"1277.32, 281.16"
"1278.32, 281.14"
"1279.32, 281.13"
"1280.32, 281.12"
"1281.32, 281.12"
"1282.32, 281.12"
"1283.32, 281.12"
"1284.32, 281.13"
"1285.32, 281.14"
"1286.32, 281.15"
"1287.32, 281.16"
"1288.32, 281.17"
"1289.32, 281.19"
"1290.32, 281.21"
"1291.32, 281.23"
"1292.32, 281.25"
"1293.32, 281.27"
"1294.32, 281.29"
"1295.32, 281.31"
"1296.32, 281.33"
"1297.32, 281.35"
"1298.32, 281.37"
"1299.32, 281.38"
"1300.32, 281.40"
"1301.32, 281.42"
"1302.32, 281.43"
"1303.32, 281.44"
"1304.32, 281.45"
"1305.32, 281.46"
"1306.32, 281.47"
"1307.32, 281.47"
"1308.32, 281.47"
"1309.32, 281.46"
"1310.32, 281.46"
"1311.32, 281.45"
"1312.32, 281.44"
"1313.32, 281.42"
"1314.33, 281.41"
"1315.33, 281.39"
"1316.33, 281.37"
"1317.33, 281.34"
"1318.33, 281.32"
"1319.33, 281.29"
"1320.33, 281.27"
"1321.33, 281.24"
"1322.33, 281.20"
"1323.33, 281.17"
"1324.33, 281.14"
"1325.33, 281.10"
"1326.33, 281.06"
"1327.33, 281.03"
"1328.33, 280.99"
"1329.33, 280.95"
"1330.33, 280.90"
"1331.33, 280.86"
"1332.33, 280.82"
"1333.33, 280.78"
"1334.33, 280.73"
"1335.33, 280.69"
"1336.33, 280.65"
"1337.33, 280.60"
"1338.33, 280.56"
"1339.33, 280.51"
"1340.33, 280.47"
"1341.33, 280.42"
"1342.33, 280.38"
"1343.33, 280.33"
"1344.33, 280.29"
"1345.33, 280.25"
"1346.33, 280.20"
"1347.33, 280.16"
"1348.33, 280.12"
"1349.33, 280.08"
"1350.33, 280.04"
"1351.33, 280.00"
"1352.33, 279.97"
"1353.33, 279.93"
"1354.34, 279.90"
"1355.34, 279.86"
"1356.34, 279.83"
"1357.34, 279.80"
"1358.34, 279.76"
"1359.34, 279.73"
"1360.34, 279.70"
"1361.34, 279.68"
"1362.34, 279.65"
"1363.34, 279.62"
"1364.34, 279.60"
"1365.34, 279.57"
"1366.34, 279.55"
"1367.34, 279.53"
"1368.34, 279.51"
"1369.34, 279.49"
"1370.34, 279.47"
"1371.34, 279.45"
"1372.34, 279.43"
"1373.34, 279.41"
"1374.34, 279.40"
"1375.34, 279.38"
"1376.34, 279.37"
"1377.34, 279.36"
"1378.34, 279.35"
"1379.34, 279.34"
"1380.34, 279.33"
"1381.34, 279.32"
"1382.34, 279.31"
"1383.34, 279.31"
"1384.34, 279.30"
"1385.34, 279.30"
"1386.34, 279.29"
"1387.34, 279.29"
"1388.34, 279.29"
"1389.34, 279.29"
"1390.34, 279.29"
"1391.34, 279.29"
"1392.34, 279.29"
"1393.34, 279.30"
"1394.34, 279.30"
"1395.35, 279.31"
"1396.35, 279.32"
"1397.35, 279.32"
"1398.35, 279.33"
"1399.35, 279.34"
"1400.35, 279.35"
"1401.35, 279.37"
"1402.35, 279.38"
"1403.35, 279.39"
"1404.35, 279.41"
"1405.35, 279.42"
"1406.35, 279.44"
"1407.35, 279.46"
"1408.35, 279.48"
"1409.35, 279.50"
"1410.35, 279.52"
"1411.35, 279.54"
"1412.35, 279.57"
"1413.35, 279.59"
"1414.35, 279.62"
"1415.35, 279.65"
"1416.35, 279.69"
"1417.35, 279.73"
"1418.35, 279.78"
"1419.35, 279.83"
"1420.35, 279.89"
"1421.35, 279.96"
"1422.35, 280.04"
"1423.35, 280.13"
"1424.35, 280.23"
"1425.35, 280.34"
"1426.35, 280.46"
"1427.35, 280.60"
"1428.35, 280.75"
"1429.35, 280.92"
"1430.35, 281.10"
"1431.35, 281.28"
"1432.35, 281.46"
"1433.35, 281.63"
"1434.35, 281.79"
"1435.36, 281.95"
"1436.36, 282.10"
"1437.36, 282.25"
"1438.36, 282.39"
"1439.36, 282.52"
"1440.36, 282.65"
"1441.36, 282.78"
"1442.36, 282.90"
"1443.36, 283.01"
"1444.36, 283.12"
"1445.36, 283.22"
"1446.36, 283.32"
"1447.36, 283.41"
"1448.36, 283.50"
"1449.36, 283.58"
"1450.36, 283.66"
"1451.36, 283.74"
"1452.36, 283.81"
"1453.36, 283.87"
"1454.36, 283.93"
"1455.36, 283.99"
"1456.36, 284.04"
"1457.36, 284.09"
"1458.36, 284.13"
"1459.36, 284.17"
"1460.36, 284.21"
"1461.36, 284.24"
"1462.36, 284.27"
"1463.36, 284.29"
"1464.36, 284.31"
"1465.36, 284.33"
"1466.36, 284.35"
"1467.36, 284.36"
"1468.36, 284.36"
"1469.36, 284.37"
"1470.36, 284.37"
"1471.36, 284.37"
"1472.36, 284.36"
"1473.36, 284.35"
"1474.36, 284.34"
"1475.37, 284.33"
"1476.37, 284.31"
"1477.37, 284.30"
"1478.37, 284.28"
"1479.37, 284.25"
"1480.37, 284.23"
"1481.37, 284.20"
"1482.37, 284.17"
"1483.37, 284.14"
"1484.37, 284.10"
"1485.37, 284.07"
"1486.37, 284.03"
"1487.37, 283.99"
"1488.37, 283.95"
"1489.37, 283.91"
"1490.37, 283.86"
"1491.37, 283.82"
"1492.37, 283.77"
"1493.37, 283.72"
"1494.37, 283.67"
"1495.37, 283.62"
"1496.37, 283.57"
"1497.37, 283.52"
"1498.37, 283.47"
"1499.37, 283.41"
"1500.37, 283.36"
"1501.37, 283.30"
"1502.37, 283.25"
"1503.37, 283.19"
"1504.37, 283.13"
"1505.37, 283.08"
"1506.37, 283.02"
"1507.37, 282.96"
"1508.37, 282.91"
"1509.37, 282.85"
"1510.37, 282.79"
"1511.37, 282.74"
"1512.37, 282.68"
"1513.37, 282.62"
"1514.37, 282.57"
"1515.37, 282.51"
"1516.38, 282.46"
"1517.38, 282.40"
"1518.38, 282.35"
"1519.38, 282.30"
"1520.38, 282.25"
"1521.38, 282.20"
"1522.38, 282.15"
"1523.38, 282.10"
"1524.38, 282.05"
"1525.38, 282.01"
"1526.38, 281.96"
"1527.38, 281.92"
"1528.38, 281.88"
"1529.38, 281.84"
"1530.38, 281.80"
"1531.38, 281.77"
"1532.38, 281.73"
"1533.38, 281.70"
"1534.38, 281.67"
"1535.38, 281.64"
"1536.38, 281.62"
"1537.38, 281.59"
"1538.38, 281.57"
"1539.38, 281.55"
"1540.38, 281.54"
"1541.38, 281.52"
"1542.38, 281.51"
"1543.38, 281.51"
"1544.38, 281.50"
"1545.38, 281.50"
"1546.38, 281.50"
"1547.38, 281.50"
"1548.38, 281.51"
"1549.38, 281.52"
"1550.38, 281.54"
"1551.38, 281.55"
"1552.38, 281.57"
"1553.38, 281.60"
"1554.38, 281.63"
"1555.38, 281.66"
"1556.39, 281.69"
"1557.39, 281.73"
"1558.39, 281.78"
"1559.39, 281.83"
"1560.39, 281.88"
"1561.39, 281.93"
"1562.39, 281.99"
"1563.39, 282.05"
"1564.39, 282.12"
"1565.39, 282.18"
"1566.39, 282.23"
"1567.39, 282.29"
"1568.39, 282.34"
"1569.39, 282.39"
"1570.39, 282.43"
"1571.39, 282.46"
"1572.39, 282.48"
"1573.39, 282.49"
"1574.39, 282.49"
"1575.39, 282.48"
"1576.39, 282.45"
"1577.39, 282.40"
"1578.39, 282.34"
"1579.39, 282.27"
"1580.39, 282.17"
"1581.39, 282.05"
"1582.39, 281.91"
"1583.39, 281.75"
"1584.39, 281.56"
"1585.39, 281.35"
"1586.39, 281.11"
"1587.39, 280.84"
"1588.39, 280.55"
"1589.39, 280.22"
"1590.39, 279.87"
"1591.39, 279.50"
"1592.39, 279.10"
"1593.39, 278.69"
"1594.39, 278.27"
"1595.39, 277.83"
"1596.39, 277.39"
"1597.40, 276.95"
"1598.40, 276.50"
"1599.40, 276.06"
"1600.40, 275.63"
"1601.40, 275.21"
"1602.40, 274.80"
"1603.40, 274.40"
"1604.40, 274.03"
"1605.40, 273.68"
"1606.40, 273.36"
"1607.40, 273.07"
"1608.40, 272.81"
"1609.40, 272.59"
"1610.40, 272.41"
"1611.40, 272.27"
"1612.40, 272.17"
"1613.40, 272.12"
"1614.40, 272.10"
"1615.40, 272.11"
"1616.40, 272.15"
"1617.40, 272.22"
"1618.40, 272.32"
"1619.40, 272.45"
"1620.40, 272.59"
"1621.40, 272.75"
"1622.40, 272.93"
"1623.40, 273.13"
"1624.40, 273.33"
"1625.40, 273.54"
"1626.40, 273.76"
"1627.40, 273.99"
"1628.40, 274.21"
"1629.40, 274.44"
"1630.40, 274.66"
"1631.40, 274.88"
"1632.40, 275.09"
"1633.40, 275.30"
"1634.40, 275.51"
"1635.40, 275.70"
"1636.40, 275.89"
"1637.41, 276.07"
"1638.41, 276.25"
"1639.41, 276.41"
"1640.41, 276.56"
"1641.41, 276.70"
"1642.41, 276.83"
"1643.41, 276.95"
"1644.41, 277.05"
"1645.41, 277.15"
"1646.41, 277.24"
"1647.41, 277.32"
"1648.41, 277.39"
"1649.41, 277.45"
"1650.41, 277.51"
"1651.41, 277.55"
"1652.41, 277.59"
"1653.41, 277.62"
"1654.41, 277.64"
"1655.41, 277.66"
"1656.41, 277.66"
"1657.41, 277.67"
"1658.41, 277.66"
"1659.41, 277.66"
"1660.41, 277.64"
"1661.41, 277.62"
"1662.41, 277.60"
"1663.41, 277.57"
"1664.41, 277.54"
"1665.41, 277.50"
"1666.41, 277.46"
"1667.41, 277.42"
"1668.41, 277.37"
"1669.41, 277.33"
"1670.41, 277.27"
"1671.41, 277.22"
"1672.41, 277.17"
"1673.41, 277.11"
"1674.41, 277.06"
"1675.41, 277.00"
"1676.41, 276.94"
"1677.42, 276.88"
"1678.42, 276.83"
"1679.42, 276.77"
"1680.42, 276.71"
"1681.42, 276.66"
"1682.42, 276.60"
"1683.42, 276.55"
"1684.42, 276.50"
"1685.42, 276.45"
"1686.42, 276.41"
"1687.42, 276.36"
"1688.42, 276.32"
"1689.42, 276.29"
"1690.42, 276.26"
"1691.42, 276.23"
"1692.42, 276.21"
"1693.42, 276.19"
"1694.42, 276.17"
"1695.42, 276.16"
"1696.42, 276.15"
"1697.42, 276.14"
"1698.42, 276.14"
"1699.42, 276.14"
"1700.42, 276.15"
"1701.42, 276.16"
"1702.42, 276.17"
"1703.42, 276.19"
"1704.42, 276.21"
"1705.42, 276.23"
"1706.42, 276.26"
"1707.42, 276.29"
"1708.42, 276.32"
"1709.42, 276.36"
"1710.42, 276.40"
"1711.42, 276.44"
"1712.42, 276.49"
"1713.42, 276.54"
"1714.42, 276.59"
"1715.42, 276.64"
"1716.42, 276.70"
"1717.42, 276.77"
"1718.43, 276.83"
"1719.43, 276.90"
"1720.43, 276.97"
"1721.43, 277.04"
"1722.43, 277.12"
"1723.43, 277.20"
"1724.43, 277.28"
"1725.43, 277.36"
"1726.43, 277.44"
"1727.43, 277.51"
"1728.43, 277.58"
"1729.43, 277.63"
"1730.43, 277.68"
"1731.43, 277.71"
"1732.43, 277.73"
"1733.43, 277.72"
"1734.43, 277.70"
"1735.43, 277.66"
"1736.43, 277.60"
"1737.43, 277.53"
"1738.43, 277.44"
"1739.43, 277.35"
"1740.43, 277.25"
"1741.43, 277.15"
"1742.43, 277.06"
"1743.43, 276.96"
"1744.43, 276.87"
"1745.43, 276.79"
"1746.43, 276.71"
"1747.43, 276.64"
"1748.43, 276.58"
"1749.43, 276.52"
"1750.43, 276.47"
"1751.43, 276.43"
"1752.43, 276.39"
"1753.43, 276.36"
"1754.43, 276.33"
"1755.43, 276.32"
"1756.43, 276.31"
"1757.43, 276.31"
"1758.44, 276.32"
"1759.44, 276.33"
"1760.44, 276.35"
"1761.44, 276.38"
"1762.44, 276.42"
"1763.44, 276.46"
"1764.44, 276.51"
"1765.44, 276.57"
"1766.44, 276.63"
"1767.44, 276.70"
"1768.44, 276.77"
"1769.44, 276.84"
"1770.44, 276.91"
"1771.44, 276.98"
"1772.44, 277.05"
"1773.44, 277.11"
"1774.44, 277.16"
"1775.44, 277.21"
"1776.44, 277.27"
"1777.44, 277.33"
"1778.44, 277.40"
"1779.44, 277.50"
"1780.44, 277.61"
"1781.44, 277.76"
"1782.44, 277.93"
"1783.44, 278.12"
"1784.44, 278.34"
"1785.44, 278.57"
"1786.44, 278.81"
"1787.44, 279.06"
"1788.44, 279.32"
"1789.44, 279.58"
"1790.44, 279.85"
"1791.44, 280.10"
"1792.44, 280.35"
"1793.44, 280.59"
"1794.44, 280.82"
"1795.44, 281.03"
"1796.44, 281.22"
"1797.44, 281.41"
"1798.45, 281.59"
"1799.45, 281.77"
"1800.45, 281.96"
"1801.45, 282.14"
"1802.45, 282.32"
"1803.45, 282.50"
"1804.45, 282.67"
"1805.45, 282.83"
"1806.45, 282.98"
"1807.45, 283.11"
"1808.45, 283.23"
"1809.45, 283.33"
"1810.45, 283.41"
"1811.45, 283.46"
"1812.45, 283.48"
"1813.45, 283.48"
"1814.45, 283.44"
"1815.45, 283.37"
"1816.45, 283.28"
"1817.45, 283.16"
"1818.45, 283.03"
"1819.45, 282.90"
"1820.45, 282.76"
"1821.45, 282.63"
"1822.45, 282.51"
"1823.45, 282.42"
"1824.45, 282.34"
"1825.45, 282.30"
"1826.45, 282.30"
"1827.45, 282.33"
"1828.45, 282.41"
"1829.45, 282.52"
"1830.45, 282.66"
"1831.45, 282.82"
"1832.45, 283.01"
"1833.45, 283.21"
"1834.45, 283.44"
"1835.45, 283.67"
"1836.45, 283.91"
"1837.45, 284.16"
"1838.45, 284.42"
"1839.46, 284.69"
"1840.46, 284.96"
"1841.46, 285.23"
"1842.46, 285.49"
"1843.46, 285.75"
"1844.46, 285.99"
"1845.46, 286.23"
"1846.46, 286.45"
"1847.46, 286.67"
"1848.46, 286.86"
"1849.46, 287.02"
"1850.46, 287.13"
"1851.46, 287.20"
"1852.46, 287.23"
"1853.46, 287.20"
"1854.46, 287.13"
"1855.46, 287.04"
"1856.46, 286.92"
"1857.46, 286.80"
"1858.46, 286.67"
"1859.46, 286.54"
"1860.46, 286.43"
"1861.46, 286.34"
"1862.46, 286.29"
"1863.46, 286.27"
"1864.46, 286.29"
"1865.46, 286.36"
"1866.46, 286.48"
"1867.46, 286.65"
"1868.46, 286.86"
"1869.46, 287.09"
"1870.46, 287.33"
"1871.46, 287.58"
"1872.46, 287.83"
"1873.46, 288.06"
"1874.46, 288.28"
"1875.46, 288.47"
"1876.46, 288.64"
"1877.46, 288.79"
"1878.46, 288.95"
"1879.47, 289.11"
"1880.47, 289.29"
"1881.47, 289.48"
"1882.47, 289.71"
"1883.47, 289.97"
"1884.47, 290.27"
"1885.47, 290.63"
"1886.47, 291.03"
"1887.47, 291.46"
"1888.47, 291.91"
"1889.47, 292.38"
"1890.47, 292.85"
"1891.47, 293.32"
"1892.47, 293.78"
"1893.47, 294.21"
"1894.47, 294.61"
"1895.47, 294.97"
"1896.47, 295.27"
"1897.47, 295.51"
"1898.47, 295.71"
"1899.47, 295.88"
"1900.47, 296.04"
"1901.47, 296.20"
"1902.47, 296.40"
"1903.47, 296.64"
"1904.47, 296.92"
"1905.47, 297.25"
"1906.47, 297.61"
"1907.47, 298.00"
"1908.47, 298.41"
"1909.47, 298.81"
"1910.47, 299.22"
"1911.47, 299.63"
"1912.47, 300.06"
"1913.47, 300.51"
"1914.47, 300.96"
"1915.47, 301.41"
"1916.47, 301.85"
"1917.47, 302.29"
"1918.47, 302.71"
"1919.47, 303.11"
"1920.48, 303.50"
"1921.48, 303.87"
"1922.48, 304.23"
"1923.48, 304.60"
"1924.48, 304.96"
"1925.48, 305.32"
"1926.48, 305.68"
"1927.48, 306.03"
"1928.48, 306.38"
"1929.48, 306.72"
"1930.48, 307.07"
"1931.48, 307.41"
"1932.48, 307.76"
"1933.48, 308.13"
"1934.48, 308.50"
"1935.48, 308.88"
"1936.48, 309.26"
"1937.48, 309.62"
"1938.48, 309.95"
"1939.48, 310.25"
"1940.48, 310.49"
"1941.48, 310.68"
"1942.48, 310.82"
"1943.48, 310.92"
"1944.48, 311.01"
"1945.48, 311.09"
"1946.48, 311.18"
"1947.48, 311.29"
"1948.48, 311.42"
"1949.48, 311.59"
"1950.48, 311.79"
"1951.48, 312.03"
"1952.48, 312.31"
"1953.48, 312.64"
"1954.48, 313.03"
"1955.48, 313.48"
"1956.48, 313.98"
"1957.48, 314.52"
"1958.48, 315.10"
"1959.48, 315.72"
"1960.49, 316.38"
"1961.49, 317.06"
"1962.49, 317.77"
"1963.49, 318.51"
"1964.49, 319.28"
"1965.49, 320.09"
"1966.49, 320.94"
"1967.49, 321.83"
"1968.49, 322.77"
"1969.49, 323.75"
"1970.49, 324.78"
"1971.49, 325.85"
"1972.49, 326.97"
"1973.49, 328.13"
"1974.49, 329.33"
"1975.49, 330.58"
"1976.49, 331.87"
"1977.49, 333.22"
"1978.49, 334.60"
"1979.49, 336.01"
"1980.49, 337.46"
"1981.49, 338.92"
"1982.49, 340.40"
"1983.49, 341.89"
"1984.49, 343.38"
"1985.49, 344.88"
"1986.49, 346.38"
"1987.49, 347.88"
"1988.49, 349.37"
"1989.49, 350.84"
"1990.49, 352.30"
"1991.49, 353.76"
"1992.49, 355.21"
"1993.49, 356.69"
"1994.49, 358.21"
"1995.49, 359.77"
"1996.49, 361.38"
"1997.49, 363.04"
"1998.49, 364.76"
"1999.49, 366.51"
"2000.50, 368.31"
"2001.50, 370.14"
"2002.50, 372.02"
"2003.50, 373.93"
"2004.50, 375.87"
"2005.50, 377.84"
"2006.50, 379.83"
"2007.50, 381.85"
"2008.50, 383.90"
"2009.50, 385.98"
"2010.50, 388.12"
"2011.50, 390.30"
"2012.50, 392.53"
"2013.50, 394.82"
"2014.50, 397.16"
"2015.50, 399.53"
"2016.50, 401.95"
"2017.50, 404.38"
"2018.50, 406.82"
"2019.50, 409.28"
"2020.50, 411.74"
